<?xml version="1.0" encoding="UTF-8"?>
<addon id="plugin.video.tree-browser" version="1.0.0"
	name="Video Tree Browser" provider-name="Santiago Ruiz">
	<requires>
		<import addon="xbmc.python" version="3.0.0" />
	</requires>
	<extension point="xbmc.python.pluginsource" library="main.py">
		<provides>video</provides>
	</extension>
	<extension point="xbmc.addon.metadata">
		<summary lang="en">Focus only on real video folders</summary>
		<description lang="en_GB">This Kodi add-on provides easy browsing of a (local) folder hierarchy of videos by hiding the folders having no videos and showing folders with one only video as if they were video files</description>
		<disclaimer lang="en_GB">You must set the root of the tree before using this plugin</disclaimer>
		<assets>
			<icon>icon.png</icon>
			<fanart>fanart.jpg</fanart>
			<screenshot>resources\screenshot-001.jpg</screenshot>
			<screenshot>resources\screenshot-002.jpg</screenshot>
			<screenshot>resources\screenshot-003.jpg</screenshot>
		</assets>
		<news>You can now configure this add-on to use regular expressions for hiding order numbers in folder names (often used to ensure a particular order for a set of subfolders)</news>
	</extension>
</addon>
